<?xml version="1.0"?>
<!DOCTYPE hibernate-mapping PUBLIC "-//Hibernate/Hibernate Mapping DTD 3.0//EN"
"http://hibernate.sourceforge.net/hibernate-mapping-3.0.dtd">
<!-- Generated 2014-10-23 10:21:19 by Hibernate Tools 3.4.0.CR1 -->
<hibernate-mapping>
    <class name="mnzw.projekty.model.Zapotrzebowanie" table="ZAPOTRZEBOWANIE">
    	<id column="ID" type="int">
    		<generator class="native"/>
    	</id>
        <property name="osoboGodziny" type="int" access="field">
            <column name="OSOBOGODZINY" />            
        </property>
        <property name="stopienZnajomosci" type="int" access="field">
            <column name="STOPIENZNAJOMOSCI" />
        </property>
        <many-to-one name="jezyk" class="mnzw.projekty.model.JezykProgramowania" access="field" fetch="join" foreign-key="FK_ZAPOTRZEBOWANIE_JEZYK">        
            <column name="JEZYK_ID" />
        </many-to-one>
    </class>
</hibernate-mapping>
