<?xml version="1.0"?>
<!DOCTYPE hibernate-mapping PUBLIC "-//Hibernate/Hibernate Mapping DTD 3.0//EN"
"http://hibernate.sourceforge.net/hibernate-mapping-3.0.dtd">
<!-- Generated 2014-10-23 10:21:19 by Hibernate Tools 3.4.0.CR1 -->
<hibernate-mapping>
	<class name="mnzw.projekty.model.Zatrudnienie" table="ZATRUDNIENIE">
		<id type="int" column="ID">
			<generator class="native"></generator>
		</id>
		<property name="odDaty" type="java.util.GregorianCalendar"
			access="field">
			<column name="ODDATY" />
		</property>
		<property name="doDaty" type="java.util.GregorianCalendar"
			access="field">
			<column name="DODATY" />
		</property>
		<property name="procentEtatu" type="int" access="field">
			<column name="PROCENTETATU" />
		</property>
		<many-to-one name="programista" class="mnzw.projekty.model.Programista"
			access="field" fetch="join" foreign-key="FK_ZATRUDNIENIE_PROGRAMISTA">
			<column name="PROGRAMISTA_ID" />
		</many-to-one>
	</class>
</hibernate-mapping>
