<?xml version="1.0" encoding="UTF-8"?>
<!DOCTYPE hibernate-configuration PUBLIC "-//Hibernate/Hibernate Configuration DTD 3.0//EN" "http://hibernate.sourceforge.net/hibernate-configuration-3.0.dtd">
<hibernate-configuration>
  <session-factory>
    <property name="hibernate.dialect">org.hibernate.dialect.MySQL5InnoDBDialect</property>
    <property name="hibernate.connection.driver_class">org.gjt.mm.mysql.Driver</property>
    <property name="hibernate.connection.url">jdbc:mysql://localhost:3306/hiber3db</property>
    <property name="hibernate.connection.username">hiber3</property>
    <property name="hibernate.connection.password">hiber</property>
    <property name="hibernate.connection.pool_size">5</property>
    <property name="hibernate.c3p0.min_size">5</property>
    <property name="hibernate.c3p0.max_size">20</property>
    <property name="hibernate.c3p0.timeout">300</property>
    <property name="hibernate.c3p0.max_statements">10</property>
    <property name="hibernate.c3p0.idle_test_period">30</property>
    <property name="hibernate.generate_statistics">true</property>
    <property name="hibernate.current_session_context_class">thread</property>
    <property name="hibernate.cache.provider_class">org.hibernate.cache.NoCacheProvider</property>
    <property name="hibernate.show_sql">true</property>
    <property name="hibernate.hbm2ddl.auto">create-drop</property>
    <property name="hibernate.format_sql">true</property>
    <!--    <property name="hibernate.default_schema">hiberdb</property>-->
  </session-factory>
</hibernate-configuration>
